{
	"start":	{
		"connected":	[{
				"socket":	5,
				"local_host":	"12.1.0.1",
				"local_port":	53411,
				"remote_host":	"172.28.2.71",
				"remote_port":	5201
			}],
		"version":	"iperf 3.12",
		"system_info":	"Linux qhat02 6.6.66-v8-RG255C-GL+ #4 SMP PREEMPT Tue Jan  7 12:20:43 CET 2025 aarch64",
		"timestamp":	{
			"time":	"Thu, 14 May 2026 23:24:42 GMT",
			"timesecs":	1778801082
		},
		"connecting_to":	{
			"host":	"172.28.2.71",
			"port":	5201
		},
		"cookie":	"z2xfg6tzvk73cpnpugxkywcu447m6vhvnpdm",
		"tcp_mss_default":	1348,
		"target_bitrate":	0,
		"sock_bufsize":	0,
		"sndbuf_actual":	16384,
		"rcvbuf_actual":	131072,
		"test_start":	{
			"protocol":	"TCP",
			"num_streams":	1,
			"blksize":	131072,
			"omit":	0,
			"duration":	12,
			"bytes":	0,
			"blocks":	0,
			"reverse":	0,
			"tos":	0,
			"target_bitrate":	0
		}
	},
	"intervals":	[{
			"streams":	[{
					"socket":	5,
					"start":	0,
					"end":	1.000076,
					"seconds":	1.0000760555267334,
					"bytes":	9212232,
					"bits_per_second":	73692251.297011435,
					"retransmits":	0,
					"snd_cwnd":	404400,
					"snd_wnd":	1028096,
					"rtt":	48297,
					"rttvar":	1170,
					"pmtu":	1400,
					"omitted":	false,
					"sender":	true
				}],
			"sum":	{
				"start":	0,
				"end":	1.000076,
				"seconds":	1.0000760555267334,
				"bytes":	9212232,
				"bits_per_second":	73692251.297011435,
				"retransmits":	0,
				"omitted":	false,
				"sender":	true
			}
		}, {
			"streams":	[{
					"socket":	5,
					"start":	1.000076,
					"end":	2.000079,
					"seconds":	1.0000029802322388,
					"bytes":	9531064,
					"bits_per_second":	76248284.7624036,
					"retransmits":	0,
					"snd_cwnd":	810148,
					"snd_wnd":	1818624,
					"rtt":	93195,
					"rttvar":	2431,
					"pmtu":	1400,
					"omitted":	false,
					"sender":	true
				}],
			"sum":	{
				"start":	1.000076,
				"end":	2.000079,
				"seconds":	1.0000029802322388,
				"bytes":	9531064,
				"bits_per_second":	76248284.7624036,
				"retransmits":	0,
				"omitted":	false,
				"sender":	true
			}
		}, {
			"streams":	[{
					"socket":	5,
					"start":	2.000079,
					"end":	3.000102,
					"seconds":	1.0000230073928833,
					"bytes":	7864320,
					"bits_per_second":	62913112.533302434,
					"retransmits":	3,
					"snd_cwnd":	761620,
					"snd_wnd":	3145728,
					"rtt":	92451,
					"rttvar":	1966,
					"pmtu":	1400,
					"omitted":	false,
					"sender":	true
				}],
			"sum":	{
				"start":	2.000079,
				"end":	3.000102,
				"seconds":	1.0000230073928833,
				"bytes":	7864320,
				"bits_per_second":	62913112.533302434,
				"retransmits":	3,
				"omitted":	false,
				"sender":	true
			}
		}, {
			"streams":	[{
					"socket":	5,
					"start":	3.000102,
					"end":	4.000179,
					"seconds":	1.00007700920105,
					"bytes":	7864320,
					"bits_per_second":	62909715.37308085,
					"retransmits":	0,
					"snd_cwnd":	860024,
					"snd_wnd":	3145728,
					"rtt":	95228,
					"rttvar":	1692,
					"pmtu":	1400,
					"omitted":	false,
					"sender":	true
				}],
			"sum":	{
				"start":	3.000102,
				"end":	4.000179,
				"seconds":	1.00007700920105,
				"bytes":	7864320,
				"bits_per_second":	62909715.37308085,
				"retransmits":	0,
				"omitted":	false,
				"sender":	true
			}
		}, {
			"streams":	[{
					"socket":	5,
					"start":	4.000179,
					"end":	5.00011,
					"seconds":	0.99993097782135,
					"bytes":	9175040,
					"bits_per_second":	73405386.599707752,
					"retransmits":	0,
					"snd_cwnd":	935512,
					"snd_wnd":	3145728,
					"rtt":	109931,
					"rttvar":	2066,
					"pmtu":	1400,
					"omitted":	false,
					"sender":	true
				}],
			"sum":	{
				"start":	4.000179,
				"end":	5.00011,
				"seconds":	0.99993097782135,
				"bytes":	9175040,
				"bits_per_second":	73405386.599707752,
				"retransmits":	0,
				"omitted":	false,
				"sender":	true
			}
		}, {
			"streams":	[{
					"socket":	5,
					"start":	5.00011,
					"end":	6.000219,
					"seconds":	1.0001089572906494,
					"bytes":	7864320,
					"bits_per_second":	62907705.746820852,
					"retransmits":	0,
					"snd_cwnd":	992128,
					"snd_wnd":	3145728,
					"rtt":	112079,
					"rttvar":	2667,
					"pmtu":	1400,
					"omitted":	false,
					"sender":	true
				}],
			"sum":	{
				"start":	5.00011,
				"end":	6.000219,
				"seconds":	1.0001089572906494,
				"bytes":	7864320,
				"bits_per_second":	62907705.746820852,
				"retransmits":	0,
				"omitted":	false,
				"sender":	true
			}
		}, {
			"streams":	[{
					"socket":	5,
					"start":	6.000219,
					"end":	7.000112,
					"seconds":	0.99989300966262817,
					"bytes":	9175040,
					"bits_per_second":	73408173.9652984,
					"retransmits":	0,
					"snd_cwnd":	1031220,
					"snd_wnd":	3145728,
					"rtt":	121845,
					"rttvar":	3045,
					"pmtu":	1400,
					"omitted":	false,
					"sender":	true
				}],
			"sum":	{
				"start":	6.000219,
				"end":	7.000112,
				"seconds":	0.99989300966262817,
				"bytes":	9175040,
				"bits_per_second":	73408173.9652984,
				"retransmits":	0,
				"omitted":	false,
				"sender":	true
			}
		}, {
			"streams":	[{
					"socket":	5,
					"start":	7.000112,
					"end":	8.000189,
					"seconds":	1.00007700920105,
					"bytes":	7864320,
					"bits_per_second":	62909715.37308085,
					"retransmits":	2,
					"snd_cwnd":	750836,
					"snd_wnd":	3145728,
					"rtt":	85767,
					"rttvar":	2220,
					"pmtu":	1400,
					"omitted":	false,
					"sender":	true
				}],
			"sum":	{
				"start":	7.000112,
				"end":	8.000189,
				"seconds":	1.00007700920105,
				"bytes":	7864320,
				"bits_per_second":	62909715.37308085,
				"retransmits":	2,
				"omitted":	false,
				"sender":	true
			}
		}, {
			"streams":	[{
					"socket":	5,
					"start":	8.000189,
					"end":	9.000111,
					"seconds":	0.999921977519989,
					"bytes":	9175040,
					"bits_per_second":	73406047.321859851,
					"retransmits":	0,
					"snd_cwnd":	804756,
					"snd_wnd":	3145728,
					"rtt":	91456,
					"rttvar":	1289,
					"pmtu":	1400,
					"omitted":	false,
					"sender":	true
				}],
			"sum":	{
				"start":	8.000189,
				"end":	9.000111,
				"seconds":	0.999921977519989,
				"bytes":	9175040,
				"bits_per_second":	73406047.321859851,
				"retransmits":	0,
				"omitted":	false,
				"sender":	true
			}
		}, {
			"streams":	[{
					"socket":	5,
					"start":	9.000111,
					"end":	10.000204,
					"seconds":	1.0000929832458496,
					"bytes":	7864320,
					"bits_per_second":	62908710.543901414,
					"retransmits":	0,
					"snd_cwnd":	842500,
					"snd_wnd":	3145728,
					"rtt":	98626,
					"rttvar":	1747,
					"pmtu":	1400,
					"omitted":	false,
					"sender":	true
				}],
			"sum":	{
				"start":	9.000111,
				"end":	10.000204,
				"seconds":	1.0000929832458496,
				"bytes":	7864320,
				"bits_per_second":	62908710.543901414,
				"retransmits":	0,
				"omitted":	false,
				"sender":	true
			}
		}, {
			"streams":	[{
					"socket":	5,
					"start":	10.000204,
					"end":	11.000118,
					"seconds":	0.999913990497589,
					"bytes":	9175040,
					"bits_per_second":	73406633.668035448,
					"retransmits":	0,
					"snd_cwnd":	866764,
					"snd_wnd":	3145728,
					"rtt":	108189,
					"rttvar":	3001,
					"pmtu":	1400,
					"omitted":	false,
					"sender":	true
				}],
			"sum":	{
				"start":	10.000204,
				"end":	11.000118,
				"seconds":	0.999913990497589,
				"bytes":	9175040,
				"bits_per_second":	73406633.668035448,
				"retransmits":	0,
				"omitted":	false,
				"sender":	true
			}
		}, {
			"streams":	[{
					"socket":	5,
					"start":	11.000118,
					"end":	12.000157,
					"seconds":	1.0000389814376831,
					"bytes":	7864320,
					"bits_per_second":	62912107.595598251,
					"retransmits":	0,
					"snd_cwnd":	880244,
					"snd_wnd":	3145728,
					"rtt":	104886,
					"rttvar":	3104,
					"pmtu":	1400,
					"omitted":	false,
					"sender":	true
				}],
			"sum":	{
				"start":	11.000118,
				"end":	12.000157,
				"seconds":	1.0000389814376831,
				"bytes":	7864320,
				"bits_per_second":	62912107.595598251,
				"retransmits":	0,
				"omitted":	false,