{
	"start":	{
		"connected":	[{
				"socket":	5,
				"local_host":	"12.1.0.1",
				"local_port":	60643,
				"remote_host":	"172.28.2.71",
				"remote_port":	5201
			}],
		"version":	"iperf 3.12",
		"system_info":	"Linux qhat02 6.6.66-v8-RG255C-GL+ #4 SMP PREEMPT Tue Jan  7 12:20:43 CET 2025 aarch64",
		"timestamp":	{
			"time":	"Thu, 14 May 2026 23:25:03 GMT",
			"timesecs":	1778801103
		},
		"connecting_to":	{
			"host":	"172.28.2.71",
			"port":	5201
		},
		"cookie":	"j5jruzatph662ayjbo5mnsnehcpnmj45tkb5",
		"tcp_mss_default":	1348,
		"target_bitrate":	0,
		"sock_bufsize":	0,
		"sndbuf_actual":	16384,
		"rcvbuf_actual":	131072,
		"test_start":	{
			"protocol":	"TCP",
			"num_streams":	1,
			"blksize":	131072,
			"omit":	0,
			"duration":	12,
			"bytes":	0,
			"blocks":	0,
			"reverse":	1,
			"tos":	0,
			"target_bitrate":	0
		}
	},
	"intervals":	[{
			"streams":	[{
					"socket":	5,
					"start":	0,
					"end":	1.000068,
					"seconds":	1.0000679492950439,
					"bytes":	1734628,
					"bits_per_second":	13876081.130069239,
					"omitted":	false,
					"sender":	false
				}],
			"sum":	{
				"start":	0,
				"end":	1.000068,
				"seconds":	1.0000679492950439,
				"bytes":	1734628,
				"bits_per_second":	13876081.130069239,
				"omitted":	false,
				"sender":	false
			}
		}, {
			"streams":	[{
					"socket":	5,
					"start":	1.000068,
					"end":	2.000067,
					"seconds":	0.99999898672103882,
					"bytes":	9654524,
					"bits_per_second":	77236270.2618877,
					"omitted":	false,
					"sender":	false
				}],
			"sum":	{
				"start":	1.000068,
				"end":	2.000067,
				"seconds":	0.99999898672103882,
				"bytes":	9654524,
				"bits_per_second":	77236270.2618877,
				"omitted":	false,
				"sender":	false
			}
		}, {
			"streams":	[{
					"socket":	5,
					"start":	2.000067,
					"end":	3.000069,
					"seconds":	1.0000020265579224,
					"bytes":	19201314,
					"bits_per_second":	153610200.7000308,
					"omitted":	false,
					"sender":	false
				}],
			"sum":	{
				"start":	2.000067,
				"end":	3.000069,
				"seconds":	1.0000020265579224,
				"bytes":	19201314,
				"bits_per_second":	153610200.7000308,
				"omitted":	false,
				"sender":	false
			}
		}, {
			"streams":	[{
					"socket":	5,
					"start":	3.000069,
					"end":	4.00007,
					"seconds":	1.0000009536743164,
					"bytes":	21995908,
					"bits_per_second":	175967096.18469983,
					"omitted":	false,
					"sender":	false
				}],
			"sum":	{
				"start":	3.000069,
				"end":	4.00007,
				"seconds":	1.0000009536743164,
				"bytes":	21995908,
				"bits_per_second":	175967096.18469983,
				"omitted":	false,
				"sender":	false
			}
		}, {
			"streams":	[{
					"socket":	5,
					"start":	4.00007,
					"end":	5.000086,
					"seconds":	1.0000159740448,
					"bytes":	20635330,
					"bits_per_second":	165080003.00463647,
					"omitted":	false,
					"sender":	false
				}],
			"sum":	{
				"start":	4.00007,
				"end":	5.000086,
				"seconds":	1.0000159740448,
				"bytes":	20635330,
				"bits_per_second":	165080003.00463647,
				"omitted":	false,
				"sender":	false
			}
		}, {
			"streams":	[{
					"socket":	5,
					"start":	5.000086,
					"end":	6.000085,
					"seconds":	0.99999898672103882,
					"bytes":	21627276,
					"bits_per_second":	173018383.31588772,
					"omitted":	false,
					"sender":	false
				}],
			"sum":	{
				"start":	5.000086,
				"end":	6.000085,
				"seconds":	0.99999898672103882,
				"bytes":	21627276,
				"bits_per_second":	173018383.31588772,
				"omitted":	false,
				"sender":	false
			}
		}, {
			"streams":	[{
					"socket":	5,
					"start":	6.000085,
					"end":	7.000083,
					"seconds":	0.99999797344207764,
					"bytes":	21484496,
					"bits_per_second":	171876316.31731051,
					"omitted":	false,
					"sender":	false
				}],
			"sum":	{
				"start":	6.000085,
				"end":	7.000083,
				"seconds":	0.99999797344207764,
				"bytes":	21484496,
				"bits_per_second":	171876316.31731051,
				"omitted":	false,
				"sender":	false
			}
		}, {
			"streams":	[{
					"socket":	5,
					"start":	7.000083,
					"end":	8.000084,
					"seconds":	1.0000009536743164,
					"bytes":	21257346,
					"bits_per_second":	170058605.81947535,
					"omitted":	false,
					"sender":	false
				}],
			"sum":	{
				"start":	7.000083,
				"end":	8.000084,
				"seconds":	1.0000009536743164,
				"bytes":	21257346,
				"bits_per_second":	170058605.81947535,
				"omitted":	false,
				"sender":	false
			}
		}, {
			"streams":	[{
					"socket":	5,
					"start":	8.000084,
					"end":	9.000084,
					"seconds":	1,
					"bytes":	21570164,
					"bits_per_second":	172561312,
					"omitted":	false,
					"sender":	false
				}],
			"sum":	{
				"start":	8.000084,
				"end":	9.000084,
				"seconds":	1,
				"bytes":	21570164,
				"bits_per_second":	172561312,
				"omitted":	false,
				"sender":	false
			}
		}, {
			"streams":	[{
					"socket":	5,
					"start":	9.000084,
					"end":	10.000083,
					"seconds":	0.99999898672103882,
					"bytes":	21314458,
					"bits_per_second":	170515836.78011,
					"omitted":	false,
					"sender":	false
				}],
			"sum":	{
				"start":	9.000084,
				"end":	10.000083,
				"seconds":	0.99999898672103882,
				"bytes":	21314458,
				"bits_per_second":	170515836.78011,
				"omitted":	false,
				"sender":	false
			}
		}, {
			"streams":	[{
					"socket":	5,
					"start":	10.000083,
					"end":	11.000083,
					"seconds":	1,
					"bytes":	21484496,
					"bits_per_second":	171875968,
					"omitted":	false,
					"sender":	false
				}],
			"sum":	{
				"start":	10.000083,
				"end":	11.000083,
				"seconds":	1,
				"bytes":	21484496,
				"bits_per_second":	171875968,
				"omitted":	false,
				"sender":	false
			}
		}, {
			"streams":	[{
					"socket":	5,
					"start":	11.000083,
					"end":	12.000111,
					"seconds":	1.0000280141830444,
					"bytes":	21427384,
					"bits_per_second":	171414269.96926466,
					"omitted":	false,
					"sender":	false
				}],
			"sum":	{
				"start":	11.000083,
				"end":	12.000111,
				"seconds":	1.0000280141830444,
				"bytes":	21427384,
				"bits_per_second":	171414269.96926466,
				"omitted":	false,
				"sender":	false
			}
		}],
	"end":	{
		"streams":	[{
				"sender":	{
					"socket":	5,
					"start":	0,
					"end":	12.059547,
					"seconds":	12.059547,
					"bytes":	227083980,
					"bits_per_second":	150641797.73916879,
					"retransmits":	1599,
					"max_snd_cwnd":	0,
					"max_snd_wnd":	0,
					"max_rtt":	0,
					"min_rtt":	0,
					"mean_rtt":	0,
					"sender":	false
				},
				"receiver":	{
					"socket":	5,
					"start":	0,
					"end":	12.000111,
					"seconds":	12.000111,
					"bytes":	223387324,
					"bits_per_second":	148923505.12424427,
					"sender":	false
				}
			}],
		"sum_sent":	{
			"start":	0,
			"end":	12.059547,
			"seconds":	12.059547,
			"bytes":	227083980,
			"bits_per_second":	150641797.73916879,
			"retransmits":	1599,
			"sender":	false
		},
		"sum_received":	{
			"start":	0,
			"end":	12.000111,
			"seconds":	12.000111,
			"bytes":	223387324,
			"bits_per_second":	148923505.12424427,
			"sender":	false
		},
		"cpu_utilization_percent":	{
			"host_total":	7.0000280473044683,
			"host_user":	0.15464075746585737,
			"host_system":	6.8454038369208918,
			"remote_total":	0.16977341856568909,
			"remote_user":	0.015486317821261459,
			"remote_system":	0.15428710074442764
		},
		"sender_tcp_congestion":	"cubic",
		"receiver_tcp_congestion":	"cubic"
	}
}
