{
	"start":	{
		"connected":	[{
				"socket":	5,
				"local_host":	"14.1.0.2",
				"local_port":	40697,
				"remote_host":	"172.28.2.71",
				"remote_port":	5202
			}],
		"version":	"iperf 3.12",
		"system_info":	"Linux qhat03 6.12.47+rpt-rpi-v8 #1 SMP PREEMPT Debian 1:6.12.47-1+rpt1~bookworm (2025-09-16) aarch64",
		"timestamp":	{
			"time":	"Thu, 14 May 2026 23:25:29 GMT",
			"timesecs":	1778801129
		},
		"connecting_to":	{
			"host":	"172.28.2.71",
			"port":	5202
		},
		"cookie":	"aygy52csb35cyjplchmqptkhqy43atra2i7g",
		"tcp_mss_default":	1298,
		"target_bitrate":	0,
		"sock_bufsize":	0,
		"sndbuf_actual":	16384,
		"rcvbuf_actual":	131072,
		"test_start":	{
			"protocol":	"TCP",
			"num_streams":	1,
			"blksize":	131072,
			"omit":	0,
			"duration":	12,
			"bytes":	0,
			"blocks":	0,
			"reverse":	0,
			"tos":	0,
			"target_bitrate":	0
		}
	},
	"intervals":	[{
			"streams":	[{
					"socket":	5,
					"start":	0,
					"end":	1.000211,
					"seconds":	1.0002110004425049,
					"bytes":	7636134,
					"bits_per_second":	61076184.897960022,
					"retransmits":	0,
					"snd_cwnd":	436128,
					"snd_wnd":	1052672,
					"rtt":	54648,
					"rttvar":	465,
					"pmtu":	1400,
					"omitted":	false,
					"sender":	true
				}],
			"sum":	{
				"start":	0,
				"end":	1.000211,
				"seconds":	1.0002110004425049,
				"bytes":	7636134,
				"bits_per_second":	61076184.897960022,
				"retransmits":	0,
				"omitted":	false,
				"sender":	true
			}
		}, {
			"streams":	[{
					"socket":	5,
					"start":	1.000211,
					"end":	2.000182,
					"seconds":	0.99997097253799438,
					"bytes":	6360200,
					"bits_per_second":	50883077.00658454,
					"retransmits":	0,
					"snd_cwnd":	725582,
					"snd_wnd":	1572864,
					"rtt":	125511,
					"rttvar":	2162,
					"pmtu":	1400,
					"omitted":	false,
					"sender":	true
				}],
			"sum":	{
				"start":	1.000211,
				"end":	2.000182,
				"seconds":	0.99997097253799438,
				"bytes":	6360200,
				"bits_per_second":	50883077.00658454,
				"retransmits":	0,
				"omitted":	false,
				"sender":	true
			}
		}, {
			"streams":	[{
					"socket":	5,
					"start":	2.000182,
					"end":	3.000168,
					"seconds":	0.99998599290847778,
					"bytes":	7630546,
					"bits_per_second":	61045223.066026479,
					"retransmits":	0,
					"snd_cwnd":	1050082,
					"snd_wnd":	2224128,
					"rtt":	118390,
					"rttvar":	580,
					"pmtu":	1400,
					"omitted":	false,
					"sender":	true
				}],
			"sum":	{
				"start":	2.000182,
				"end":	3.000168,
				"seconds":	0.99998599290847778,
				"bytes":	7630546,
				"bits_per_second":	61045223.066026479,
				"retransmits":	0,
				"omitted":	false,
				"sender":	true
			}
		}, {
			"streams":	[{
					"socket":	5,
					"start":	3.000168,
					"end":	4.000149,
					"seconds":	0.99998098611831665,
					"bytes":	7864320,
					"bits_per_second":	62915756.272745788,
					"retransmits":	3,
					"snd_cwnd":	837210,
					"snd_wnd":	3145728,
					"rtt":	107626,
					"rttvar":	1080,
					"pmtu":	1400,
					"omitted":	false,
					"sender":	true
				}],
			"sum":	{
				"start":	3.000168,
				"end":	4.000149,
				"seconds":	0.99998098611831665,
				"bytes":	7864320,
				"bits_per_second":	62915756.272745788,
				"retransmits":	3,
				"omitted":	false,
				"sender":	true
			}
		}, {
			"streams":	[{
					"socket":	5,
					"start":	4.000149,
					"end":	5.000263,
					"seconds":	1.0001139640808105,
					"bytes":	6553600,
					"bits_per_second":	52422825.6808578,
					"retransmits":	0,
					"snd_cwnd":	931964,
					"snd_wnd":	3145728,
					"rtt":	119734,
					"rttvar":	2341,
					"pmtu":	1400,
					"omitted":	false,
					"sender":	true
				}],
			"sum":	{
				"start":	4.000149,
				"end":	5.000263,
				"seconds":	1.0001139640808105,
				"bytes":	6553600,
				"bits_per_second":	52422825.6808578,
				"retransmits":	0,
				"omitted":	false,
				"sender":	true
			}
		}, {
			"streams":	[{
					"socket":	5,
					"start":	5.000263,
					"end":	6.000184,
					"seconds":	0.99992102384567261,
					"bytes":	7864320,
					"bits_per_second":	62919529.142443761,
					"retransmits":	0,
					"snd_cwnd":	1004652,
					"snd_wnd":	3145728,
					"rtt":	132964,
					"rttvar":	730,
					"pmtu":	1400,
					"omitted":	false,
					"sender":	true
				}],
			"sum":	{
				"start":	5.000263,
				"end":	6.000184,
				"seconds":	0.99992102384567261,
				"bytes":	7864320,
				"bits_per_second":	62919529.142443761,
				"retransmits":	0,
				"omitted":	false,
				"sender":	true
			}
		}, {
			"streams":	[{
					"socket":	5,
					"start":	6.000184,
					"end":	7.000328,
					"seconds":	1.0001440048217773,
					"bytes":	6553600,
					"bits_per_second":	52421251.08707986,
					"retransmits":	2,
					"snd_cwnd":	863170,
					"snd_wnd":	3145728,
					"rtt":	138068,
					"rttvar":	1899,
					"pmtu":	1400,
					"omitted":	false,
					"sender":	true
				}],
			"sum":	{
				"start":	6.000184,
				"end":	7.000328,
				"seconds":	1.0001440048217773,
				"bytes":	6553600,
				"bits_per_second":	52421251.08707986,
				"retransmits":	2,
				"omitted":	false,
				"sender":	true
			}
		}, {
			"streams":	[{
					"socket":	5,
					"start":	7.000328,
					"end":	8.000161,
					"seconds":	0.99983298778533936,
					"bytes":	9175040,
					"bits_per_second":	73412580.797703,
					"retransmits":	1,
					"snd_cwnd":	785290,
					"snd_wnd":	3145728,
					"rtt":	94272,
					"rttvar":	383,
					"pmtu":	1400,
					"omitted":	false,
					"sender":	true
				}],
			"sum":	{
				"start":	7.000328,
				"end":	8.000161,
				"seconds":	0.99983298778533936,
				"bytes":	9175040,
				"bits_per_second":	73412580.797703,
				"retransmits":	1,
				"omitted":	false,
				"sender":	true
			}
		}, {
			"streams":	[{
					"socket":	5,
					"start":	8.000161,
					"end":	9.000147,
					"seconds":	0.99998599290847778,
					"bytes":	7864320,
					"bits_per_second":	62915441.262343921,
					"retransmits":	0,
					"snd_cwnd":	832018,
					"snd_wnd":	3145728,
					"rtt":	106153,
					"rttvar":	2544,
					"pmtu":	1400,
					"omitted":	false,
					"sender":	true
				}],
			"sum":	{
				"start":	8.000161,
				"end":	9.000147,
				"seconds":	0.99998599290847778,
				"bytes":	7864320,
				"bits_per_second":	62915441.262343921,
				"retransmits":	0,
				"omitted":	false,
				"sender":	true
			}
		}, {
			"streams":	[{
					"socket":	5,
					"start":	9.000147,
					"end":	10.000152,
					"seconds":	1.0000050067901611,
					"bytes":	7864320,
					"bits_per_second":	62914245.001577131,
					"retransmits":	0,
					"snd_cwnd":	863170,
					"snd_wnd":	3145728,
					"rtt":	111014,
					"rttvar":	2083,
					"pmtu":	1400,
					"omitted":	false,
					"sender":	true
				}],
			"sum":	{
				"start":	9.000147,
				"end":	10.000152,
				"seconds":	1.0000050067901611,
				"bytes":	7864320,
				"bits_per_second":	62914245.001577131,
				"retransmits":	0,
				"omitted":	false,
				"sender":	true
			}
		}, {
			"streams":	[{
					"socket":	5,
					"start":	10.000152,
					"end":	11.000157,
					"seconds":	1.0000050067901611,
					"bytes":	7864320,
					"bits_per_second":	62914245.001577131,
					"retransmits":	0,
					"snd_cwnd":	882640,
					"snd_wnd":	3145728,
					"rtt":	107023,
					"rttvar":	2231,
					"pmtu":	1400,
					"omitted":	false,
					"sender":	true
				}],
			"sum":	{
				"start":	10.000152,
				"end":	11.000157,
				"seconds":	1.0000050067901611,
				"bytes":	7864320,
				"bits_per_second":	62914245.001577131,
				"retransmits":	0,
				"omitted":	false,
				"sender":	true
			}
		}, {
			"streams":	[{
					"socket":	5,
					"start":	11.000157,
					"end":	12.000244,
					"seconds":	1.0000870227813721,
					"bytes":	7864320,
					"bits_per_second":	62909085.476408273,
					"retransmits":	0,
					"snd_cwnd":	893024,
					"snd_wnd":	3145728,
					"rtt":	114239,
					"rttvar":	924,
					"pmtu":	1400,
					"omitted":	false,
					"sender":	true
				}],
			"sum":	{
				"start":	11.000157,
				"end":	12.000244,
				"seconds":	1.0000870227813721,
				"bytes":	7864320,
				"bits_per_second":	62909085.476408273,