{
	"start":	{
		"connected":	[{
				"socket":	5,
				"local_host":	"14.1.0.2",
				"local_port":	38375,
				"remote_host":	"172.28.2.71",
				"remote_port":	5202
			}],
		"version":	"iperf 3.12",
		"system_info":	"Linux qhat03 6.12.47+rpt-rpi-v8 #1 SMP PREEMPT Debian 1:6.12.47-1+rpt1~bookworm (2025-09-16) aarch64",
		"timestamp":	{
			"time":	"Thu, 14 May 2026 23:25:50 GMT",
			"timesecs":	1778801150
		},
		"connecting_to":	{
			"host":	"172.28.2.71",
			"port":	5202
		},
		"cookie":	"lyflciy6hf4ekdybw3c6yuxlpbem4vbvi7mb",
		"tcp_mss_default":	1298,
		"target_bitrate":	0,
		"sock_bufsize":	0,
		"sndbuf_actual":	16384,
		"rcvbuf_actual":	131072,
		"test_start":	{
			"protocol":	"TCP",
			"num_streams":	1,
			"blksize":	131072,
			"omit":	0,
			"duration":	12,
			"bytes":	0,
			"blocks":	0,
			"reverse":	1,
			"tos":	0,
			"target_bitrate":	0
		}
	},
	"intervals":	[{
			"streams":	[{
					"socket":	5,
					"start":	0,
					"end":	1.000111,
					"seconds":	1.0001109838485718,
					"bytes":	5931860,
					"bits_per_second":	47449613.859240659,
					"omitted":	false,
					"sender":	false
				}],
			"sum":	{
				"start":	0,
				"end":	1.000111,
				"seconds":	1.0001109838485718,
				"bytes":	5931860,
				"bits_per_second":	47449613.859240659,
				"omitted":	false,
				"sender":	false
			}
		}, {
			"streams":	[{
					"socket":	5,
					"start":	1.000111,
					"end":	2.000113,
					"seconds":	1.0000020265579224,
					"bytes":	14468806,
					"bits_per_second":	115750213.42548797,
					"omitted":	false,
					"sender":	false
				}],
			"sum":	{
				"start":	1.000111,
				"end":	2.000113,
				"seconds":	1.0000020265579224,
				"bytes":	14468806,
				"bits_per_second":	115750213.42548797,
				"omitted":	false,
				"sender":	false
			}
		}, {
			"streams":	[{
					"socket":	5,
					"start":	2.000113,
					"end":	3.000113,
					"seconds":	1,
					"bytes":	20718676,
					"bits_per_second":	165749408,
					"omitted":	false,
					"sender":	false
				}],
			"sum":	{
				"start":	2.000113,
				"end":	3.000113,
				"seconds":	1,
				"bytes":	20718676,
				"bits_per_second":	165749408,
				"omitted":	false,
				"sender":	false
			}
		}, {
			"streams":	[{
					"socket":	5,
					"start":	3.000113,
					"end":	4.000119,
					"seconds":	1.0000059604644775,
					"bytes":	21149082,
					"bits_per_second":	169191647.53919494,
					"omitted":	false,
					"sender":	false
				}],
			"sum":	{
				"start":	3.000113,
				"end":	4.000119,
				"seconds":	1.0000059604644775,
				"bytes":	21149082,
				"bits_per_second":	169191647.53919494,
				"omitted":	false,
				"sender":	false
			}
		}, {
			"streams":	[{
					"socket":	5,
					"start":	4.000119,
					"end":	5.000119,
					"seconds":	1,
					"bytes":	20953608,
					"bits_per_second":	167628864,
					"omitted":	false,
					"sender":	false
				}],
			"sum":	{
				"start":	4.000119,
				"end":	5.000119,
				"seconds":	1,
				"bytes":	20953608,
				"bits_per_second":	167628864,
				"omitted":	false,
				"sender":	false
			}
		}, {
			"streams":	[{
					"socket":	5,
					"start":	5.000119,
					"end":	6.000115,
					"seconds":	0.9999960064888,
					"bytes":	21118460,
					"bits_per_second":	168948354.69714668,
					"omitted":	false,
					"sender":	false
				}],
			"sum":	{
				"start":	5.000119,
				"end":	6.000115,
				"seconds":	0.9999960064888,
				"bytes":	21118460,
				"bits_per_second":	168948354.69714668,
				"omitted":	false,
				"sender":	false
			}
		}, {
			"streams":	[{
					"socket":	5,
					"start":	6.000115,
					"end":	7.000112,
					"seconds":	0.99999701976776123,
					"bytes":	21118460,
					"bits_per_second":	168948183.50482315,
					"omitted":	false,
					"sender":	false
				}],
			"sum":	{
				"start":	6.000115,
				"end":	7.000112,
				"seconds":	0.99999701976776123,
				"bytes":	21118460,
				"bits_per_second":	168948183.50482315,
				"omitted":	false,
				"sender":	false
			}
		}, {
			"streams":	[{
					"socket":	5,
					"start":	7.000112,
					"end":	8.000112,
					"seconds":	1,
					"bytes":	21117162,
					"bits_per_second":	168937296,
					"omitted":	false,
					"sender":	false
				}],
			"sum":	{
				"start":	7.000112,
				"end":	8.000112,
				"seconds":	1,
				"bytes":	21117162,
				"bits_per_second":	168937296,
				"omitted":	false,
				"sender":	false
			}
		}, {
			"streams":	[{
					"socket":	5,
					"start":	8.000112,
					"end":	9.000105,
					"seconds":	0.99999302625656128,
					"bytes":	21462430,
					"bits_per_second":	171700637.39619347,
					"omitted":	false,
					"sender":	false
				}],
			"sum":	{
				"start":	8.000112,
				"end":	9.000105,
				"seconds":	0.99999302625656128,
				"bytes":	21462430,
				"bits_per_second":	171700637.39619347,
				"omitted":	false,
				"sender":	false
			}
		}, {
			"streams":	[{
					"socket":	5,
					"start":	9.000105,
					"end":	10.000114,
					"seconds":	1.0000089406967163,
					"bytes":	21275518,
					"bits_per_second":	170202622.269974,
					"omitted":	false,
					"sender":	false
				}],
			"sum":	{
				"start":	9.000105,
				"end":	10.000114,
				"seconds":	1.0000089406967163,
				"bytes":	21275518,
				"bits_per_second":	170202622.269974,
				"omitted":	false,
				"sender":	false
			}
		}, {
			"streams":	[{
					"socket":	5,
					"start":	10.000114,
					"end":	11.000115,
					"seconds":	1.0000009536743164,
					"bytes":	21149612,
					"bits_per_second":	169196734.64141974,
					"omitted":	false,
					"sender":	false
				}],
			"sum":	{
				"start":	10.000114,
				"end":	11.000115,
				"seconds":	1.0000009536743164,
				"bytes":	21149612,
				"bits_per_second":	169196734.64141974,
				"omitted":	false,
				"sender":	false
			}
		}, {
			"streams":	[{
					"socket":	5,
					"start":	11.000115,
					"end":	12.00014,
					"seconds":	1.0000250339508057,
					"bytes":	21180764,
					"bits_per_second":	169441870.200557,
					"omitted":	false,
					"sender":	false
				}],
			"sum":	{
				"start":	11.000115,
				"end":	12.00014,
				"seconds":	1.0000250339508057,
				"bytes":	21180764,
				"bits_per_second":	169441870.200557,
				"omitted":	false,
				"sender":	false
			}
		}],
	"end":	{
		"streams":	[{
				"sender":	{
					"socket":	5,
					"start":	0,
					"end":	12.044468,
					"seconds":	12.044468,
					"bytes":	234616032,
					"bits_per_second":	155833222.02358791,
					"retransmits":	690,
					"max_snd_cwnd":	0,
					"max_snd_wnd":	0,
					"max_rtt":	0,
					"min_rtt":	0,
					"mean_rtt":	0,
					"sender":	false
				},
				"receiver":	{
					"socket":	5,
					"start":	0,
					"end":	12.00014,
					"seconds":	12.00014,
					"bytes":	231644438,
					"bits_per_second":	154427823.67539045,
					"sender":	false
				}
			}],
		"sum_sent":	{
			"start":	0,
			"end":	12.044468,
			"seconds":	12.044468,
			"bytes":	234616032,
			"bits_per_second":	155833222.02358791,
			"retransmits":	690,
			"sender":	false
		},
		"sum_received":	{
			"start":	0,
			"end":	12.00014,
			"seconds":	12.00014,
			"bytes":	231644438,
			"bits_per_second":	154427823.67539045,
			"sender":	false
		},
		"cpu_utilization_percent":	{
			"host_total":	7.6358139429536553,
			"host_user":	0.31950046464829157,
			"host_system":	7.3162886794283883,
			"remote_total":	0.15264209736901388,
			"remote_user":	0,
			"remote_system":	0.15264686103338268
		},
		"sender_tcp_congestion":	"cubic",
		"receiver_tcp_congestion":	"cubic"
	}
}
